<?xml version="1.0" encoding="UTF-8"?>
<metadata xml:lang="en"><Esri><CreaDate>20211104</CreaDate><CreaTime>14533700</CreaTime><ArcGISFormat>1.0</ArcGISFormat><SyncOnce>TRUE</SyncOnce><BusinessAnalyst><ToolName>EnrichLayer</ToolName></BusinessAnalyst><DataProperties><lineage><Process ToolSource="c:\program files\arcgis\pro\Resources\ArcToolbox\toolboxes\Analysis Tools.tbx\Enrich" Date="20211104" Time="145338">Enrich "Community Areas Chicago\Community_Areas_Chicago" C:\Users\mfn2245\Desktop\mapping_w_r_data\community_areas.shp householdincome.avghinc_cy # 1 #</Process></lineage><LayerFile>{"type":"CIMLayerDocument","version":"2.8.0","build":29751,"layers":["CIMPATH=map/community_areas.xml"],"layerDefinitions":[{"type":"CIMFeatureLayer","name":"community_areas","uRI":"CIMPATH=map/community_areas.xml","sourceModifiedTime":{"type":"TimeInstant"},"useSourceMetadata":true,"description":"community_areas","layerElevation":{"type":"CIMLayerElevationSurface","mapElevationID":"{92F95B7E-9F55-40FC-A429-B0B8828E9013}"},"expanded":true,"layerType":"Operational","showLegends":true,"visibility":true,"displayCacheType":"Permanent","maxDisplayCacheAge":5,"showPopups":true,"serviceLayerID":-1,"refreshRate":-1,"refreshRateUnit":"esriTimeUnitsSeconds","blendingMode":"Alpha","allowDrapingOnIntegratedMesh":true,"autoGenerateFeatureTemplates":true,"featureElevationExpression":"0","featureTable":{"type":"CIMFeatureTable","displayField":"area","editable":true,"dataConnection":{"type":"CIMStandardDataConnection","workspaceConnectionString":"DATABASE=..\\..\\..\\..\\Desktop\\mapping_w_r_data","workspaceFactory":"Shapefile","dataset":"community_areas","datasetType":"esriDTFeatureClass"},"studyAreaSpatialRel":"esriSpatialRelUndefined","searchOrder":"esriSearchOrderSpatial"},"htmlPopupEnabled":true,"selectable":true,"featureCacheType":"Session","displayFiltersType":"ByScale","featureBlendingMode":"Alpha","renderer":{"type":"CIMSimpleRenderer","patch":"Default","symbol":{"type":"CIMSymbolReference","symbol":{"type":"CIMPolygonSymbol","symbolLayers":[{"type":"CIMSolidStroke","enable":true,"colorLocked":true,"capStyle":"Butt","joinStyle":"Round","lineStyle3D":"Strip","miterLimit":10,"width":0.75,"color":{"type":"CIMRGBColor","values":[0,0,0,100]}},{"type":"CIMSolidFill","enable":true,"color":{"type":"CIMRGBColor","values":[76,129,205,74.9019622802734375]}}]}}},"scaleSymbols":true,"snappable":true}]}</LayerFile></DataProperties></Esri><idinfo><keywords><theme><themekey></themekey><themekt>None</themekt></theme></keywords><descript><abstract></abstract><purpose>Created with Business Analyst Pro - EnrichLayer</purpose></descript><timeperd><current>publication date</current></timeperd><citation><citeinfo><origin>Business Analyst Pro</origin></citeinfo></citation><status><progress>Complete</progress><update>Unknown</update></status></idinfo></metadata>
